{
  "feature1": 406,
  "feature2": -2.312226542,
  "feature3": 1.951992011,
  "feature4": -1.609850732,
  "feature5": 3.997905588,
  "feature6": -0.522187865,
  "feature7": -1.426545319,
  "feature8": -2.537387306,
  "feature9": 1.391657248,
  "feature10": -2.770089277,
  "feature11": -2.772272145,
  "feature12": 3.202033207,
  "feature13": -2.899907388,
  "feature14": -0.595221881,
  "feature15": -4.289253782,
  "feature16": 0.38972412,
  "feature17": -1.14074718,
  "feature18": -2.830055675,
  "feature19": -0.016822468,
  "feature20": 0.416955705,
  "feature21": 0.126910559,
  "feature22": 0.517232371,
  "feature23": -0.035049369,
  "feature24": -0.465211076,
  "feature25": 0.320198199,
  "feature26": 0.044519167,
  "feature27": 0.177839798,
  "feature28": 0.261145003,
  "feature29": -0.143275875,
  "feature30": 0,
  "feature31": 1
}
