{
    "feature1": 211,
    "feature2": 0.263523486017542,
    "feature3": -1.81289680597099,
    "feature4": -0.31108676189887,
    "feature5": 0.412929593880618,
    "feature6": -0.79460539681474,
    "feature7": 0.196364791759536,
    "feature8": 0.416625914552668,
    "feature9": -0.0629911809272212,
    "feature10": 0.345392201361914,
    "feature11": -0.363639666313264,
    "feature12": 0.379691152655691,
    "feature13": 0.911096513465244,
    "feature14": 0.13321850516059,
    "feature15": 0.118926727930684,
    "feature16": -0.674517207695332,
    "feature17": 0.337849604429376,
    "feature18": -0.450551999763332,
    "feature19": -0.00117285827229777,
    "feature20": 0.858372836092744,
    "feature21": 1.01095811855105,
    "feature22": 0.00267233711545686,
    "feature23": -1.04234240987078,
    "feature24": -0.480537703252564,
    "feature25": -0.414742511630617,
    "feature26": 0.111705661403455,
    "feature27": 0.819589850790541,
    "feature28": -0.168906283609658,
    "feature29": 0.0782030100396125,
    "feature30": 526.96
    
  }
  