{
    "feature1": 221,
    "feature2": -0.34287127670878,
    "feature3": -0.199545805008564,
    "feature4": 1.97635257764019,
    "feature5": -0.00349493382037266,
    "feature6": -1.17036559948334,
    "feature7": 0.883500931520993,
    "feature8": -0.151879286344012,
    "feature9": 0.16010571828598,
    "feature10": 0.137973355921257,
    "feature11": -0.0601216564533602,
    "feature12": -2.2010094627206,
    "feature13": 0.852035105958867,
    "feature14": 1.47889332236475,
    "feature15": -1.6537270648466,
    "feature16": -2.75014506475976,
    "feature17": -1.81400187187592,
    "feature18": -0.0215575918059248,
    "feature19": 1.10276714844442,
    "feature20": -1.01830354502917,
    "feature21": -0.572161856219075,
    "feature22": -0.313443188919175,
    "feature23": 0.0862072980940773,
    "feature24": 0.109600350213274,
    "feature25": -0.098950647152546,
    "feature26": -0.943009393940135,
    "feature27": -0.618657204843698,
    "feature28": 0.253306203230609,
    "feature29": 0.240271462698249,
    "feature30": 99.82
  }
  